{
  "per_basis_generator_norms": [
    1.8931132843401945,
    1.745962387541559,
    1.8410059581772529,
    1.9912935744438744
  ],
  "max_generator_norm": 1.9912935744438744,
  "mean_generator_norm": 1.8678438011257203
}