{
  "per_basis_unitarity_residuals": [
    2.89987750187998e-15,
    2.331977927515215e-15,
    3.5688564995425325e-15,
    2.9918906092796758e-15
  ],
  "max_unitarity_residual": 3.5688564995425325e-15,
  "mean_unitarity_residual": 2.9481506345543507e-15
}