{
  "d6_n3_complex128_seed48": {
    "n_bases": 3,
    "seed": 48,
    "best_loss": 2.310345561286928e-30,
    "num_near_exact_pairs": 3,
    "display_zero_tol": 1e-20,
    "pair_losses_raw_sorted": [
      1.7117665345713752e-30,
      1.6224033851518075e-30,
      9.583427403270886e-31
    ],
    "pair_labels_sorted": [
      "(0,1)",
      "(0,2)",
      "(1,2)"
    ]
  },
  "d6_n4_complex128_seed22": {
    "n_bases": 4,
    "seed": 22,
    "best_loss": 0.051249218996283596,
    "num_near_exact_pairs": 3,
    "display_zero_tol": 1e-20,
    "pair_losses_raw_sorted": [
      0.017083073005863286,
      0.017083073000833848,
      0.017083072989586796,
      7.029511900999329e-21,
      3.5602086914183715e-21,
      3.019260421260994e-21
    ],
    "pair_labels_sorted": [
      "(1,2)",
      "(0,1)",
      "(0,2)",
      "(0,3)",
      "(1,3)",
      "(2,3)"
    ]
  },
  "d6_n5_complex128_seed39": {
    "n_bases": 5,
    "seed": 39,
    "best_loss": 0.3596367272761813,
    "num_near_exact_pairs": 0,
    "display_zero_tol": 1e-20,
    "pair_losses_raw_sorted": [
      0.23925780539208624,
      0.018710558174905505,
      0.017182761996745496,
      0.017134178699132516,
      0.014660429298406245,
      0.013960036164760494,
      0.010161377244291158,
      0.010030373767852024,
      0.009325245853203951,
      0.009213960680471431
    ],
    "pair_labels_sorted": [
      "(1,3)",
      "(2,4)",
      "(0,2)",
      "(0,4)",
      "(0,1)",
      "(0,3)",
      "(3,4)",
      "(2,3)",
      "(1,4)",
      "(1,2)"
    ]
  },
  "d6_n6_complex128_seed25": {
    "n_bases": 6,
    "seed": 25,
    "best_loss": 0.8685321046831171,
    "num_near_exact_pairs": 0,
    "display_zero_tol": 1e-20,
    "pair_losses_raw_sorted": [
      0.14278926852910415,
      0.1427892685255331,
      0.14278926852439325,
      0.04738266699721236,
      0.047382666993781235,
      0.04738266699215566,
      0.04738266496070892,
      0.04738266495473184,
      0.04738266495447355,
      0.03205174783688196,
      0.03205174783099624,
      0.03205174783007263,
      0.024210289232723597,
      0.024210288564964277,
      0.011292481955388014
    ],
    "pair_labels_sorted": [
      "(2,5)",
      "(3,5)",
      "(2,3)",
      "(0,2)",
      "(0,5)",
      "(0,3)",
      "(1,3)",
      "(1,2)",
      "(1,5)",
      "(2,4)",
      "(3,4)",
      "(4,5)",
      "(1,4)",
      "(0,4)",
      "(0,1)"
    ]
  }
}