{
  "d6_n3_complex64_seed28": {
    "n_bases": 3,
    "seed": 28,
    "best_loss": 2.69340105774063e-13,
    "num_near_exact_pairs": 3,
    "display_zero_tol": 1e-10,
    "pair_losses_raw_sorted": [
      1.787459069646502e-13,
      1.028066520802895e-13,
      8.748557434046234e-14
    ],
    "pair_labels_sorted": [
      "(0,1)",
      "(0,2)",
      "(1,2)"
    ]
  },
  "d6_n4_complex64_seed74": {
    "n_bases": 4,
    "seed": 74,
    "best_loss": 0.051249176263809204,
    "num_near_exact_pairs": 0,
    "display_zero_tol": 1e-10,
    "pair_losses_raw_sorted": [
      0.017083212733268738,
      0.01708315685391426,
      0.017082873731851578,
      3.008593374431712e-11,
      1.9884538460246404e-11,
      1.0763168134531043e-11
    ],
    "pair_labels_sorted": [
      "(0,2)",
      "(2,3)",
      "(0,3)",
      "(1,3)",
      "(1,2)",
      "(0,1)"
    ]
  },
  "d6_n5_complex64_seed64": {
    "n_bases": 5,
    "seed": 64,
    "best_loss": 0.35963648557662964,
    "num_near_exact_pairs": 0,
    "display_zero_tol": 1e-10,
    "pair_losses_raw_sorted": [
      0.23925797641277313,
      0.01870969869196415,
      0.017208103090524673,
      0.017109693959355354,
      0.014657587744295597,
      0.013956882990896702,
      0.010229659266769886,
      0.00996424164623022,
      0.009384261444211006,
      0.009158778935670853
    ],
    "pair_labels_sorted": [
      "(0,1)",
      "(2,4)",
      "(2,3)",
      "(3,4)",
      "(1,3)",
      "(0,3)",
      "(0,4)",
      "(0,2)",
      "(1,4)",
      "(1,2)"
    ]
  },
  "d6_n6_complex64_seed98": {
    "n_bases": 6,
    "seed": 98,
    "best_loss": 0.8685315847396851,
    "num_near_exact_pairs": 0,
    "display_zero_tol": 1e-10,
    "pair_losses_raw_sorted": [
      0.1427890658378601,
      0.14278894662857056,
      0.14278879761695862,
      0.04742056876420975,
      0.04742026329040527,
      0.04742008075118065,
      0.047345612198114395,
      0.047345470637083054,
      0.04734520986676216,
      0.03205185383558273,
      0.03205184265971184,
      0.032051730901002884,
      0.024222606793045998,
      0.024197880178689957,
      0.011292579583823681
    ],
    "pair_labels_sorted": [
      "(1,5)",
      "(3,5)",
      "(1,3)",
      "(2,5)",
      "(2,3)",
      "(1,2)",
      "(3,4)",
      "(4,5)",
      "(1,4)",
      "(0,3)",
      "(0,1)",
      "(0,5)",
      "(0,4)",
      "(0,2)",
      "(2,4)"
    ]
  }
}