{
  "d6_n6_complex128_seed12": {
    "n_bases": 6,
    "seed": 12,
    "best_loss": 0.8685321046831177,
    "num_near_exact_pairs": 0,
    "display_zero_tol": 1e-20,
    "pair_losses_raw_sorted": [
      0.1427892685497452,
      0.1427892685224928,
      0.14278926851154855,
      0.04738266824625813,
      0.04738266823964245,
      0.04738266823583373,
      0.047382663719555206,
      0.04738266371213972,
      0.047382663705540055,
      0.03205174783814199,
      0.032051747826710254,
      0.032051747820356365,
      0.024210289643864583,
      0.024210288160349223,
      0.011292481950941837
    ],
    "pair_labels_sorted": [
      "(1,2)",
      "(2,4)",
      "(1,4)",
      "(3,4)",
      "(1,3)",
      "(2,3)",
      "(0,4)",
      "(0,2)",
      "(0,1)",
      "(4,5)",
      "(2,5)",
      "(1,5)",
      "(0,5)",
      "(3,5)",
      "(0,3)"
    ]
  },
  "d6_n4_complex128_seed1234": {
    "n_bases": 4,
    "seed": 1234,
    "best_loss": 0.05124921899628364,
    "num_near_exact_pairs": 3,
    "display_zero_tol": 1e-20,
    "pair_losses_raw_sorted": [
      0.017083072998761467,
      0.017083072998761294,
      0.017083072998760995,
      3.5131273301556447e-29,
      2.2145112872542193e-29,
      1.7914229970712313e-29
    ],
    "pair_labels_sorted": [
      "(1,3)",
      "(2,3)",
      "(1,2)",
      "(0,2)",
      "(0,3)",
      "(0,1)"
    ]
  },
  "d6_n2_complex128_seed1234": {
    "n_bases": 2,
    "seed": 1234,
    "best_loss": 1.5430550714430534e-30,
    "num_near_exact_pairs": 1,
    "display_zero_tol": 1e-20,
    "pair_losses_raw_sorted": [
      1.7117665345713752e-30
    ],
    "pair_labels_sorted": [
      "(0,1)"
    ]
  },
  "d6_n3_complex128_seed0": {
    "n_bases": 3,
    "seed": 0,
    "best_loss": 3.9550897337936275e-30,
    "num_near_exact_pairs": 3,
    "display_zero_tol": 1e-20,
    "pair_losses_raw_sorted": [
      1.9005076691213243e-30,
      1.2141062369417135e-30,
      1.0816022567678717e-30
    ],
    "pair_labels_sorted": [
      "(0,1)",
      "(0,2)",
      "(1,2)"
    ]
  },
  "d6_n5_complex128_seed0": {
    "n_bases": 5,
    "seed": 0,
    "best_loss": 0.3596367784679414,
    "num_near_exact_pairs": 0,
    "display_zero_tol": 1e-20,
    "pair_losses_raw_sorted": [
      0.23925850635536716,
      0.018707577975684522,
      0.017243774228498973,
      0.01707614517780567,
      0.014650349370576575,
      0.013948682626691387,
      0.010325740029375339,
      0.009873511674440429,
      0.009468372864353643,
      0.00908411811569105
    ],
    "pair_labels_sorted": [
      "(1,3)",
      "(0,4)",
      "(2,4)",
      "(0,2)",
      "(2,3)",
      "(1,2)",
      "(0,1)",
      "(1,4)",
      "(0,3)",
      "(3,4)"
    ]
  },
  "d6_n7_complex128_seed1234": {
    "n_bases": 7,
    "seed": 1234,
    "best_loss": 1.5844721331309435,
    "num_near_exact_pairs": 0,
    "display_zero_tol": 1e-20,
    "pair_losses_raw_sorted": [
      0.23420403298463133,
      0.23420403298463133,
      0.23420403298462944,
      0.04992738134281388,
      0.04992738134279057,
      0.04992738134278717,
      0.049927381342787104,
      0.04992738134278461,
      0.04992738134276002,
      0.04852464551011128,
      0.048524645510098115,
      0.04852464551009197,
      0.048524645510086,
      0.048524645510085014,
      0.04852464551006953,
      0.048524645509990305,
      0.0485246455099779,
      0.04852464550996789,
      0.048524645509959385,
      0.048524645509947714,
      0.04852464550994345
    ],
    "pair_labels_sorted": [
      "(1,6)",
      "(3,4)",
      "(2,5)",
      "(0,1)",
      "(0,2)",
      "(0,3)",
      "(0,4)",
      "(0,5)",
      "(0,6)",
      "(4,5)",
      "(2,6)",
      "(1,3)",
      "(5,6)",
      "(2,3)",
      "(1,4)",
      "(4,6)",
      "(1,2)",
      "(3,5)",
      "(3,6)",
      "(1,5)",
      "(2,4)"
    ]
  }
}