dimension,cpu_complex128_seconds,gpu_complex128_seconds,cpu_complex64_seconds,gpu_complex64_seconds
6,7.269877919927239,26.49480956699699,7.648988425033167,26.503630303079262
12,10.314040117897093,27.316748150158674,10.870129862101749,26.522113983985037
24,22.28216110705398,27.452553816139698,15.492491003824398,27.01542061707005
48,31.4489729849156,27.577506332891062,22.982902019983158,27.066423809854314
96,72.80966815701686,27.705310197081417,55.594866293948144,27.05412635509856
