dimension,cpu_complex128_seconds,gpu_complex128_seconds,cpu_complex64_seconds,gpu_complex64_seconds
6,2.2124779999721795,N/A,2.194791957968846,45.63978545810096
12,2.7386389169842005,N/A,2.5066134580411017,47.412106666946784
24,4.131619791965932,N/A,3.624629416037351,48.38297195802443
48,12.409588291775435,N/A,9.923796707997099,47.901736167026684
96,69.27099141711369,N/A,42.409758375026286,49.44163337512873
