dimension,n_bases,dtype,loss_min,loss_median,loss_max,near_exact_min,near_exact_median,near_exact_max,num_seeds
6,3,complex128,2.310345561286928e-30,1.0117680369843905e-29,0.13408002875403796,0.0,3.0,3.0,100
6,4,complex128,0.051249218996283596,0.051249218996283694,0.29414669953175593,0.0,3.0,3.0,100
6,5,complex128,0.3596367272761813,0.4390332757627219,0.6895374975975366,0.0,0.0,0.0,100
6,6,complex128,0.8685321046831171,0.868532104683274,1.404517142403018,0.0,0.0,0.0,100
6,3,complex64,2.69340105774063e-13,7.187583861423263e-13,0.11176747828722,0.0,3.0,3.0,100
6,4,complex64,0.051249176263809204,0.051249220967292786,0.4093785583972931,0.0,0.0,3.0,100
6,5,complex64,0.35963648557662964,0.43903324007987976,0.7722790241241455,0.0,0.0,0.0,100
6,6,complex64,0.8685315847396851,0.8685320615768433,1.4936985969543457,0.0,0.0,0.0,100
