dimension,n_bases,seed,dtype,best_loss,near_exact_pairs_primary,unitarity_residual_max,total_elapsed_seconds
3,3,1234,complex128,1.1000911842339891e-30,3,9.06642400265614e-16,2.412083864212036
3,4,1234,complex128,3.639237222914121e-30,6,1.4047447529779785e-15,2.7198679447174072
