{
    "6": {
        "cpu_complex128": 2.61713891569525,
        "cpu_complex64": 2.6946936659514904,
        "mps_complex64_taylor": 42.95793208386749,
        "speedup_vs_128": 0.06092329841636152,
        "speedup_vs_64": 0.06272866349084483
    },
    "12": {
        "cpu_complex128": 3.3665953339077532,
        "cpu_complex64": 3.099167583975941,
        "mps_complex64_taylor": 44.10489825019613,
        "speedup_vs_128": 0.07633155199247699,
        "speedup_vs_64": 0.07026810415467083
    },
    "24": {
        "cpu_complex128": 4.546588083729148,
        "cpu_complex64": 4.03165516583249,
        "mps_complex64_taylor": 43.34484641626477,
        "speedup_vs_128": 0.10489339470869784,
        "speedup_vs_64": 0.09301348370494275
    },
    "48": {
        "cpu_complex128": 13.07737800013274,
        "cpu_complex64": 9.781927583739161,
        "mps_complex64_taylor": 45.734556584153324,
        "speedup_vs_128": 0.28594085035174366,
        "speedup_vs_64": 0.21388482395669547
    },
    "96": {
        "cpu_complex128": 62.28085866617039,
        "cpu_complex64": 37.24376075016335,
        "mps_complex64_taylor": 48.38421716634184,
        "speedup_vs_128": 1.2872143503335558,
        "speedup_vs_64": 0.7697501981301399
    }
}