{
  "n3_exact_or_near_exact": {
    "n_bases": 3,
    "seed": 0,
    "best_loss": 3.9550897337936275e-30,
    "num_near_exact_pairs": 3,
    "display_zero_tol": 1e-20,
    "pair_losses_raw_sorted": [
      1.9005076691213243e-30,
      1.2141062369417135e-30,
      1.0816022567678717e-30
    ],
    "pair_losses_display_sorted": [
      0.0,
      0.0,
      0.0
    ],
    "pair_labels_sorted": [
      "(0,1)",
      "(0,2)",
      "(1,2)"
    ],
    "diagnostics_path": "results_d6_amub_precision_campaign/d6_n3_complex128_seed0/pairwise_diagnostics.json"
  },
  "n3_defective_triangle": {
    "n_bases": 3,
    "seed": 2,
    "best_loss": 0.05124921899628365,
    "num_near_exact_pairs": 0,
    "display_zero_tol": 1e-20,
    "pair_losses_raw_sorted": [
      0.01708307299894018,
      0.017083072998712062,
      0.017083072998631668
    ],
    "pair_losses_display_sorted": [
      0.01708307299894018,
      0.017083072998712062,
      0.017083072998631668
    ],
    "pair_labels_sorted": [
      "(0,2)",
      "(0,1)",
      "(1,2)"
    ],
    "diagnostics_path": "results_d6_amub_precision_campaign/d6_n3_complex128_seed2/pairwise_diagnostics.json"
  },
  "n4_hub_and_triangle": {
    "n_bases": 4,
    "seed": 3,
    "best_loss": 0.05124921899628365,
    "num_near_exact_pairs": 3,
    "display_zero_tol": 1e-20,
    "pair_losses_raw_sorted": [
      0.017083072998777562,
      0.01708307299875341,
      0.017083072998752884,
      6.206118062574148e-24,
      5.889495588014035e-24,
      4.721611011069574e-24
    ],
    "pair_losses_display_sorted": [
      0.017083072998777562,
      0.01708307299875341,
      0.017083072998752884,
      0.0,
      0.0,
      0.0
    ],
    "pair_labels_sorted": [
      "(0,1)",
      "(0,3)",
      "(1,3)",
      "(1,2)",
      "(2,3)",
      "(0,2)"
    ],
    "diagnostics_path": "results_d6_amub_precision_campaign/d6_n4_complex128_seed3/pairwise_diagnostics.json"
  },
  "n5_best_fully_defective": {
    "n_bases": 5,
    "seed": 0,
    "best_loss": 0.3596367784679414,
    "num_near_exact_pairs": 0,
    "display_zero_tol": 1e-20,
    "pair_losses_raw_sorted": [
      0.23925850635536716,
      0.018707577975684522,
      0.017243774228498973,
      0.01707614517780567,
      0.014650349370576575,
      0.013948682626691387,
      0.010325740029375339,
      0.009873511674440429,
      0.009468372864353643,
      0.00908411811569105
    ],
    "pair_losses_display_sorted": [
      0.23925850635536716,
      0.018707577975684522,
      0.017243774228498973,
      0.01707614517780567,
      0.014650349370576575,
      0.013948682626691387,
      0.010325740029375339,
      0.009873511674440429,
      0.009468372864353643,
      0.00908411811569105
    ],
    "pair_labels_sorted": [
      "(1,3)",
      "(0,4)",
      "(2,4)",
      "(0,2)",
      "(2,3)",
      "(1,2)",
      "(0,1)",
      "(1,4)",
      "(0,3)",
      "(3,4)"
    ],
    "diagnostics_path": "results_d6_amub_precision_campaign/d6_n5_complex128_seed0/pairwise_diagnostics.json"
  },
  "n6_best_low_loss": {
    "n_bases": 6,
    "seed": 4,
    "best_loss": 0.8685321046831181,
    "num_near_exact_pairs": 0,
    "display_zero_tol": 1e-20,
    "pair_losses_raw_sorted": [
      0.1427892685354175,
      0.1427892684573277,
      0.14278926841872108,
      0.04738267359342829,
      0.04738267354327211,
      0.0473826735028953,
      0.047382658440341105,
      0.047382658435730814,
      0.04738265843520913,
      0.03205174789620179,
      0.0320517478648253,
      0.03205174781334318,
      0.024210291379456912,
      0.024210286411830956,
      0.011292481955119296
    ],
    "pair_losses_display_sorted": [
      0.1427892685354175,
      0.1427892684573277,
      0.14278926841872108,
      0.04738267359342829,
      0.04738267354327211,
      0.0473826735028953,
      0.047382658440341105,
      0.047382658435730814,
      0.04738265843520913,
      0.03205174789620179,
      0.0320517478648253,
      0.03205174781334318,
      0.024210291379456912,
      0.024210286411830956,
      0.011292481955119296
    ],
    "pair_labels_sorted": [
      "(1,3)",
      "(0,3)",
      "(0,1)",
      "(0,5)",
      "(1,5)",
      "(3,5)",
      "(0,2)",
      "(2,3)",
      "(1,2)",
      "(0,4)",
      "(1,4)",
      "(3,4)",
      "(2,4)",
      "(4,5)",
      "(2,5)"
    ],
    "diagnostics_path": "results_d6_amub_precision_campaign/d6_n6_complex128_seed4/pairwise_diagnostics.json"
  },
  "n6_recurrent_0965933": {
    "n_bases": 6,
    "seed": 3,
    "best_loss": 0.9659325022155348,
    "num_near_exact_pairs": 0,
    "display_zero_tol": 1e-20,
    "pair_losses_raw_sorted": [
      0.1843591092897045,
      0.10406510092563508,
      0.10390035795129651,
      0.10174849344769224,
      0.06975913010984969,
      0.06590968582106564,
      0.054461236551424916,
      0.04347476853076032,
      0.043251700108923735,
      0.042844685923664354,
      0.04022385333468527,
      0.0379484610469885,
      0.03773993455284683,
      0.026374955591280773,
      0.009871029029720277
    ],
    "pair_losses_display_sorted": [
      0.1843591092897045,
      0.10406510092563508,
      0.10390035795129651,
      0.10174849344769224,
      0.06975913010984969,
      0.06590968582106564,
      0.054461236551424916,
      0.04347476853076032,
      0.043251700108923735,
      0.042844685923664354,
      0.04022385333468527,
      0.0379484610469885,
      0.03773993455284683,
      0.026374955591280773,
      0.009871029029720277
    ],
    "pair_labels_sorted": [
      "(2,5)",
      "(1,3)",
      "(1,4)",
      "(2,4)",
      "(3,4)",
      "(1,5)",
      "(0,1)",
      "(2,3)",
      "(3,5)",
      "(4,5)",
      "(0,3)",
      "(0,4)",
      "(1,2)",
      "(0,2)",
      "(0,5)"
    ],
    "diagnostics_path": "results_d6_amub_precision_campaign/d6_n6_complex128_seed3/pairwise_diagnostics.json"
  }
}