{
    "job_id": "d8n2oo3nn5bs738u1qgg",
    "backend": "ibm_marrakesh",
    "classical_losses": {
        "0_1": 0.017083072998777562,
        "0_2": 4.721611011069574e-24,
        "0_3": 0.01708307299875341,
        "1_2": 6.206118062574148e-24,
        "1_3": 0.017083072998752884,
        "2_3": 5.889495588014035e-24
    },
    "qpu_losses": {
        "0_1": 0.05108416848023024,
        "0_2": 0.07650830506329984,
        "0_3": 0.0483288676854725,
        "1_2": 0.02424542008129542,
        "1_3": 0.07067640802496235,
        "2_3": 0.04452898972956574
    },
    "overlaps": {
        "0_1": [
            [
                0.1567622950819672,
                0.23854166666666668,
                0.13704276146316333,
                0.14468958440225757,
                0.15958005249343832,
                0.1021978021978022
            ],
            [
                0.13831967213114754,
                0.18020833333333333,
                0.1628026790314271,
                0.16572601334017445,
                0.14068241469816273,
                0.12582417582417582
            ],
            [
                0.1864754098360656,
                0.15572916666666667,
                0.25090159711488924,
                0.13083632632119035,
                0.16587926509186351,
                0.18681318681318682
            ],
            [
                0.13268442622950818,
                0.146875,
                0.15404430705821742,
                0.19035402770651616,
                0.2073490813648294,
                0.1423076923076923
            ],
            [
                0.24026639344262296,
                0.13645833333333332,
                0.18238021638330756,
                0.15802975885069268,
                0.11548556430446194,
                0.22252747252747251
            ],
            [
                0.14549180327868852,
                0.1421875,
                0.11282843894899536,
                0.21036428937916882,
                0.2110236220472441,
                0.22032967032967032
            ]
        ],
        "0_2": [
            [
                0.19386694386694386,
                0.1532547411583803,
                0.13580246913580246,
                0.25039042165538783,
                0.16324324324324324,
                0.13437668645439826
            ],
            [
                0.12785862785862787,
                0.16248077908764735,
                0.15483539094650206,
                0.19521082769390943,
                0.19027027027027027,
                0.21910415542363734
            ],
            [
                0.2905405405405405,
                0.15274218349564325,
                0.09053497942386832,
                0.1202498698594482,
                0.16594594594594594,
                0.18456556934700485
            ],
            [
                0.1314968814968815,
                0.15889287544848796,
                0.19135802469135801,
                0.13118167621030713,
                0.21351351351351353,
                0.11872638963842418
            ],
            [
                0.1600831600831601,
                0.1998974884674526,
                0.15020576131687244,
                0.1905257678292556,
                0.08486486486486486,
                0.18078791149487317
            ],
            [
                0.09615384615384616,
                0.1727319323423885,
                0.2772633744855967,
                0.11244143675169183,
                0.18216216216216216,
                0.16243928764166216
            ]
        ],
        "0_3": [
            [
                0.19680577022153528,
                0.1993785603314345,
                0.17463617463617465,
                0.1501850872554204,
                0.13161953727506426,
                0.14204250907205807
            ],
            [
                0.14940752189592993,
                0.1828068358363542,
                0.2312889812889813,
                0.20306716023268112,
                0.2,
                0.10212545360290305
            ],
            [
                0.17001545595054096,
                0.18125323666494045,
                0.09927234927234928,
                0.1565309360126917,
                0.1928020565552699,
                0.208398133748056
            ],
            [
                0.1334363730036064,
                0.09425168306576903,
                0.12318087318087319,
                0.19249074563722898,
                0.15115681233933162,
                0.21824779678589942
            ],
            [
                0.12622359608449252,
                0.18694976696012428,
                0.15644490644490644,
                0.18350079323109467,
                0.15681233933161953,
                0.2011404872991187
            ],
            [
                0.2241112828438949,
                0.15535991714137753,
                0.2151767151767152,
                0.11422527763088314,
                0.16760925449871467,
                0.12804561949196475
            ]
        ],
        "1_2": [
            [
                0.17355371900826447,
                0.156526261050442,
                0.16520392359318534,
                0.1372651356993737,
                0.1657922350472193,
                0.10751565762004175
            ],
            [
                0.19111570247933884,
                0.11284451378055123,
                0.19256582343830667,
                0.1581419624217119,
                0.18572927597061908,
                0.174321503131524
            ],
            [
                0.1652892561983471,
                0.1518460738429537,
                0.18017552916881777,
                0.18580375782881003,
                0.14323189926547744,
                0.21242171189979123
            ],
            [
                0.18853305785123967,
                0.22412896515860634,
                0.15384615384615385,
                0.1409185803757829,
                0.1731374606505771,
                0.16231732776617955
            ],
            [
                0.1472107438016529,
                0.15340613624544983,
                0.16623644811564275,
                0.22233820459290188,
                0.1689401888772298,
                0.1837160751565762
            ],
            [
                0.13429752066115702,
                0.20124804992199688,
                0.14197212183789365,
                0.15553235908141963,
                0.16316894018887723,
                0.15970772442588727
            ]
        ],