{
    "classical_losses": {
        "0_1": 0.017083072998777562,
        "0_2": 4.721611011069574e-24,
        "0_3": 0.01708307299875341,
        "1_2": 6.206118062574148e-24,
        "1_3": 0.017083072998752884,
        "2_3": 5.889495588014035e-24
    },
    "simulated_losses": {
        "0_1": 0.016978188752000002,
        "0_2": 5.451029999999972e-06,
        "0_3": 0.017216983512000007,
        "1_2": 4.91499400000001e-06,
        "1_3": 0.01705640686,
        "2_3": 4.343589999999954e-06
    },
    "overlaps": {
        "0_1": [
            [
                0.180523,
                0.181076,
                0.180488,
                0.181238,
                0.15098,
                0.123927
            ],
            [
                0.181332,
                0.18082,
                0.181094,
                0.181119,
                0.125241,
                0.151076
            ],
            [
                0.180415,
                0.181252,
                0.151998,
                0.124536,
                0.180903,
                0.181585
            ],
            [
                0.124318,
                0.151127,
                0.180485,
                0.18108,
                0.180711,
                0.180643
            ],
            [
                0.181388,
                0.181,
                0.12462,
                0.151221,
                0.180553,
                0.180515
            ],
            [
                0.152024,
                0.124725,
                0.181315,
                0.180806,
                0.181612,
                0.182254
            ]
        ],
        "0_2": [
            [
                0.166686,
                0.165997,
                0.166187,
                0.166105,
                0.166419,
                0.166682
            ],
            [
                0.167263,
                0.16701,
                0.167224,
                0.166642,
                0.166643,
                0.16688
            ],
            [
                0.166676,
                0.167079,
                0.167347,
                0.167139,
                0.166249,
                0.16626
            ],
            [
                0.1665,
                0.166878,
                0.167032,
                0.166936,
                0.167208,
                0.166423
            ],
            [
                0.16619,
                0.16663,
                0.166627,
                0.166513,
                0.166979,
                0.16676
            ],
            [
                0.166685,
                0.166406,
                0.165583,
                0.166665,
                0.166502,
                0.166995
            ]
        ],
        "0_3": [
            [
                0.181295,
                0.181653,
                0.18126,
                0.182019,
                0.150366,
                0.124011
            ],
            [
                0.180811,
                0.181089,
                0.181225,
                0.180038,
                0.124735,
                0.151593
            ],
            [
                0.124529,
                0.181571,
                0.152018,
                0.18084,
                0.180981,
                0.180814
            ],
            [
                0.18146,
                0.123819,
                0.18011,
                0.151643,
                0.181071,
                0.181723
            ],
            [
                0.151303,
                0.180693,
                0.124278,
                0.181391,
                0.181204,
                0.181397
            ],
            [
                0.180602,
                0.151175,
                0.181109,
                0.124069,
                0.181643,
                0.180462
            ]
        ],
        "1_2": [
            [
                0.166845,
                0.167252,
                0.167306,
                0.166025,
                0.166854,
                0.166758
            ],
            [
                0.166687,
                0.165986,
                0.166299,
                0.16695,
                0.166475,
                0.1666
            ],
            [
                0.166312,
                0.166164,
                0.166761,
                0.167102,
                0.165775,
                0.166705
            ],
            [
                0.166943,
                0.167238,
                0.167019,
                0.166677,
                0.167,
                0.166594
            ],
            [
                0.16623,
                0.166436,
                0.166284,
                0.16659,
                0.166964,
                0.166442
            ],
            [
                0.166983,
                0.166924,
                0.166331,
                0.166656,
                0.166932,
                0.166901
            ]
        ],
        "1_3": [
            [
                0.18148,
                0.151276,
                0.181004,
                0.124469,
                0.180597,
                0.180346
            ],
            [
                0.181327,
                0.124121,
                0.180848,
                0.151939,
                0.180927,
                0.180776
            ],
            [
                0.124605,
                0.180998,
                0.151038,
                0.180225,
                0.181559,
                0.181488
            ],
            [
                0.151223,
                0.180564,
                0.124402,
                0.181858,
                0.181528,
                0.180786
            ],
            [
                0.180959,
                0.181606,
                0.181965,
                0.180362,
                0.151405,
                0.125138
            ],
            [
                0.180406,
                0.181435,
                0.180743,
                0.181147,
                0.123984,
                0.151466
            ]
        ],
        "2_3": [
            [
                0.1661,
                0.167132,
                0.166997,
                0.166695,
                0.166337,
                0.166644
            ],
            [
                0.166568,
                0.166563,
                0.166583,
                0.16578,
                0.166654,
                0.166589
            ],
            [
                0.167061,
                0.166106,
                0.1667,
                0.167134,
                0.166497,
                0.166965
            ],
            [
                0.166294,
                0.166389,
                0.166299,
                0.167069,
                0.166895,
                0.166984
            ],
            [
                0.167275,
                0.166408,
                0.166609,
                0.166729,
                0.166688,
                0.166608
            ],
            [
                0.166702,
                0.167402,
                0.166812,
                0.166593,
                0.166929,
                0.16621
            ]
        ]
    }
}